benchmark,variant_dir,scale,variant_num,status,cycles,instructions,wallclock_s
basicmath_small_O3,variant_original,original,,PASS,37900359,9549123,52.638
basicmath_small_O3,variant_gp,gp,,PASS,37900359,9549123,50.04
basicmath_small_O3,variant_0,0,0,PASS,1838786201,1465358182,2903.45
basicmath_small_O3,variant_1,0.0001,0,PASS,106879096,67948640,193.824
basicmath_small_O3,variant_2,0.0002,0,PASS,106372626,67442170,161.439
basicmath_small_O3,variant_3,0.0005,0,PASS,38112585,9714277,51.718
basicmath_small_O3,variant_4,0.001,0,PASS,38031959,9680722,51.383
basicmath_small_O3,variant_5,0.0015,0,PASS,38031959,9680722,50.71
basicmath_small_O3,variant_6,0.002,0,PASS,37900363,9549126,50.622
basicmath_small_O3,variant_7,0.003,0,PASS,37900363,9549126,51.944
basicmath_small_O3,variant_8,0.005,0,PASS,37900363,9549126,53.49
basicmath_small_O3,variant_9,0.007,0,PASS,37900363,9549126,52.627
basicmath_small_O3,variant_10,0.01,0,PASS,37900363,9549126,40.636
basicmath_small_O3,variant_11,0.015,0,PASS,37900363,9549126,45.576
basicmath_small_O3,variant_12,0.02,0,PASS,37900363,9549126,40.602
basicmath_small_O3,variant_13,0.03,0,PASS,37900363,9549126,41.266
basicmath_small_O3,variant_14,0.05,0,PASS,37900363,9549126,43.474
basicmath_small_O3,variant_15,0.07,0,PASS,37900363,9549126,47.182
basicmath_small_O3,variant_16,0.1,0,PASS,37900363,9549126,47.625
basicmath_small_O3,variant_17,0.15,0,PASS,37900363,9549126,44.853
basicmath_small_O3,variant_18,0.2,0,PASS,37900363,9549126,46.306
basicmath_small_O3,variant_19,0.3,0,PASS,37900363,9549126,40.377
basicmath_small_O3,variant_20,0.4,0,PASS,37900363,9549126,51.696
basicmath_small_O3,variant_21,0.5,0,PASS,37900363,9549126,50.295
basicmath_small_O3,variant_22,0.6,0,PASS,37900363,9549126,52.388
basicmath_small_O3,variant_23,0.7,0,PASS,37900363,9549126,50.905
basicmath_small_O3,variant_24,0.85,0,PASS,37900363,9549126,45.74
basicmath_small_O3,variant_25,0.9,0,PASS,37900363,9549126,53.066
basicmath_small_O3,variant_26,1,0,PASS,37900359,9549123,48.907
bitcnts_O3,variant_original,original,,PASS,46310611,35048718,85.884
bitcnts_O3,variant_gp,gp,,PASS,46310611,35048718,108.053
bitcnts_O3,variant_0,0,0,PASS,65466753,49621477,147.833
bitcnts_O3,variant_1,0.0001,0,PASS,46410041,35141163,78.262
bitcnts_O3,variant_2,0.0002,0,PASS,46408928,35140050,77.257
bitcnts_O3,variant_3,0.0005,0,PASS,46412932,35142052,105.02
bitcnts_O3,variant_4,0.001,0,PASS,46335930,35065050,103.407
bitcnts_O3,variant_5,0.0015,0,PASS,46334152,35063937,100.155
bitcnts_O3,variant_6,0.002,0,PASS,46331926,35063048,103.851
bitcnts_O3,variant_7,0.003,0,PASS,46335930,35065050,99.036
bitcnts_O3,variant_8,0.005,0,PASS,46334152,35063937,77.798
bitcnts_O3,variant_9,0.007,0,PASS,46335930,35065050,101.742
bitcnts_O3,variant_10,0.01,0,PASS,46331926,35063048,96.287
bitcnts_O3,variant_11,0.015,0,PASS,46331926,35063048,102.507
bitcnts_O3,variant_12,0.02,0,PASS,46335930,35065050,97.57
bitcnts_O3,variant_13,0.03,0,PASS,46335848,35064995,101.929
bitcnts_O3,variant_14,0.05,0,PASS,46331845,35062994,105.985
bitcnts_O3,variant_15,0.07,0,PASS,46335848,35064995,99.273
bitcnts_O3,variant_16,0.1,0,PASS,46331844,35062993,97.885
bitcnts_O3,variant_17,0.15,0,PASS,46311607,35049588,94.326
bitcnts_O3,variant_18,0.2,0,PASS,46311607,35049588,100.671
bitcnts_O3,variant_19,0.3,0,PASS,46311607,35049588,98.721
bitcnts_O3,variant_20,0.4,0,PASS,46311607,35049588,99.063
bitcnts_O3,variant_21,0.5,0,PASS,46311608,35049589,102.895
bitcnts_O3,variant_22,0.6,0,PASS,46311608,35049589,103.217
bitcnts_O3,variant_23,0.7,0,PASS,46311608,35049589,102.135
bitcnts_O3,variant_24,0.85,0,PASS,46311608,35049589,100.863
bitcnts_O3,variant_25,0.9,0,PASS,46311608,35049589,98.774
bitcnts_O3,variant_26,1,0,PASS,46310611,35048718,102.919
combined,variant_original,original,,PASS,3549151,2182347,5.65
combined,variant_gp,gp,,PASS,3549151,2182347,6.118
combined,variant_0,0,0,PASS,26757447,20123263,43.743
combined,variant_1,0.0001,0,PASS,17144377,13160251,32.473
combined,variant_2,0.0002,0,PASS,17144377,13160251,31.234
combined,variant_3,0.0005,0,PASS,4578179,3084955,8.413
combined,variant_4,0.001,0,PASS,4272378,2779154,7.505
combined,variant_5,0.0015,0,PASS,4272378,2779154,7.497
combined,variant_6,0.002,0,PASS,4215260,2748554,7.401
combined,variant_7,0.003,0,PASS,4148360,2681654,7.18
combined,variant_8,0.005,0,PASS,4084258,2635554,8.168
combined,variant_9,0.007,0,PASS,4084258,2635554,6.164
combined,variant_10,0.01,0,PASS,4084258,2635554,7.17
combined,variant_11,0.015,0,PASS,4084258,2635554,5.594
combined,variant_12,0.02,0,PASS,4084258,2635554,9.314
combined,variant_13,0.03,0,PASS,3772258,2377554,5.239
combined,variant_14,0.05,0,PASS,3549158,2182354,6.109
combined,variant_15,0.07,0,PASS,3549158,2182354,6.078
combined,variant_16,0.1,0,PASS,3549158,2182354,6.107
combined,variant_17,0.15,0,PASS,3549158,2182354,8.258
combined,variant_18,0.2,0,PASS,3549158,2182354,8.647
combined,variant_19,0.3,0,PASS,3549158,2182354,6.232
combined,variant_20,0.4,0,PASS,3549158,2182354,4.885
combined,variant_21,0.5,0,PASS,3549158,2182354,6.115
combined,variant_22,0.6,0,PASS,3549158,2182354,5.036
combined,variant_23,0.7,0,PASS,3549158,2182354,6.359
combined,variant_24,0.85,0,PASS,3549158,2182354,4.807
combined,variant_25,0.9,0,PASS,3549151,2182347,7.764
combined,variant_26,1,0,PASS,3549251,2182447,6.073
dijkstra_small_O3,variant_original,original,,PASS,34094761,24640247,56.706
dijkstra_small_O3,variant_gp,gp,,PASS,34094761,24640247,72.393
dijkstra_small_O3,variant_0,0,0,PASS,93649122,66176984,154.732
dijkstra_small_O3,variant_1,0.0001,0,PASS,35802877,26048720,59.165
dijkstra_small_O3,variant_2,0.0002,0,PASS,35802877,26048720,75.944
dijkstra_small_O3,variant_3,0.0005,0,PASS,35802877,26048720,76.104
dijkstra_small_O3,variant_4,0.001,0,PASS,35802877,26048720,59.668
dijkstra_small_O3,variant_5,0.0015,0,PASS,35802877,26048720,70.816
dijkstra_small_O3,variant_6,0.002,0,PASS,35742937,25988780,76.582
dijkstra_small_O3,variant_7,0.003,0,PASS,35742937,25988780,74.439
dijkstra_small_O3,variant_8,0.005,0,PASS,35742937,25988780,72.68
dijkstra_small_O3,variant_9,0.007,0,PASS,34094767,24640250,68.555
dijkstra_small_O3,variant_10,0.01,0,PASS,34094767,24640250,73.212
dijkstra_small_O3,variant_11,0.015,0,PASS,34094767,24640250,70.516
dijkstra_small_O3,variant_12,0.02,0,PASS,34094767,24640250,66.526
dijkstra_small_O3,variant_13,0.03,0,PASS,34094767,24640250,68.278
dijkstra_small_O3,variant_14,0.05,0,PASS,34094767,24640250,70.916
dijkstra_small_O3,variant_15,0.07,0,PASS,34094767,24640250,73.893
dijkstra_small_O3,variant_16,0.1,0,PASS,34094761,24640247,71.42
dijkstra_small_O3,variant_17,0.15,0,PASS,34094761,24640247,71.789
dijkstra_small_O3,variant_18,0.2,0,PASS,34094761,24640247,67.802
dijkstra_small_O3,variant_19,0.3,0,PASS,34094761,24640247,74.528
dijkstra_small_O3,variant_20,0.4,0,PASS,34094761,24640247,68.028
dijkstra_small_O3,variant_21,0.5,0,PASS,34094761,24640247,76.022
dijkstra_small_O3,variant_22,0.6,0,PASS,34094761,24640247,72.243
dijkstra_small_O3,variant_23,0.7,0,PASS,34094761,24640247,56.098
dijkstra_small_O3,variant_24,0.85,0,PASS,34094761,24640247,74.096
dijkstra_small_O3,variant_25,0.9,0,PASS,34094761,24640247,67.67
dijkstra_small_O3,variant_26,1,0,PASS,34094761,24640247,70.34
libedn,variant_original,original,,PASS,6259605,3426813,9.788
libedn,variant_gp,gp,,PASS,6259605,3426813,9.856
libedn,variant_0,0,0,PASS,155552833,127506156,301.718
libedn,variant_1,0.0001,0,PASS,6990981,4147134,10.89
libedn,variant_2,0.0002,0,PASS,6371420,3528997,13.276
libedn,variant_3,0.0005,0,PASS,6362220,3522597,12.919
libedn,variant_4,0.001,0,PASS,6362220,3522597,12.185
libedn,variant_5,0.0015,0,PASS,6362220,3522597,13.325
libedn,variant_6,0.002,0,PASS,6362220,3522597,12.556
libedn,variant_7,0.003,0,PASS,6362220,3522597,13.273
libedn,variant_8,0.005,0,PASS,6269644,3434245,13.545
libedn,variant_9,0.007,0,PASS,6270348,3434949,9.587
libedn,variant_10,0.01,0,PASS,6269644,3434245,10.355
libedn,variant_11,0.015,0,PASS,6269644,3434245,10.308
libedn,variant_12,0.02,0,PASS,6269644,3434245,8.889
libedn,variant_13,0.03,0,PASS,6269644,3434245,10.555
libedn,variant_14,0.05,0,PASS,6259612,3426821,9.991
libedn,variant_15,0.07,0,PASS,6259612,3426821,10.198
libedn,variant_16,0.1,0,PASS,6259612,3426821,10
libedn,variant_17,0.15,0,PASS,6259612,3426821,10.216
libedn,variant_18,0.2,0,PASS,6259612,3426821,8.835
libedn,variant_19,0.3,0,PASS,6259614,3426823,9.744
libedn,variant_20,0.4,0,PASS,6259605,3426814,9.112
libedn,variant_21,0.5,0,PASS,6259605,3426813,9.047
libedn,variant_22,0.6,0,PASS,6259605,3426813,9.051
libedn,variant_23,0.7,0,PASS,6259605,3426813,9.098
libedn,variant_24,0.85,0,PASS,6259605,3426813,9.243
libedn,variant_25,0.9,0,PASS,6259605,3426813,9.275
libedn,variant_26,1,0,PASS,6259605,3426813,10.315
libhuffbench,variant_original,original,,PASS,3486352,2268907,8.843
libhuffbench,variant_gp,gp,,PASS,3486352,2268907,7.861
libhuffbench,variant_0,0,0,PASS,4190505,2828697,9.432
libhuffbench,variant_1,0.0001,0,PASS,4086343,2826134,9.394
libhuffbench,variant_2,0.0002,0,PASS,4086343,2826134,7.223
libhuffbench,variant_3,0.0005,0,PASS,3905337,2677137,6.932
libhuffbench,variant_4,0.001,0,PASS,3563889,2340417,8.109
libhuffbench,variant_5,0.0015,0,PASS,3563889,2340417,8.658
libhuffbench,variant_6,0.002,0,PASS,3563889,2340417,8.475
libhuffbench,variant_7,0.003,0,PASS,3509721,2286249,7.887
libhuffbench,variant_8,0.005,0,PASS,3499869,2276397,6.117
libhuffbench,variant_9,0.007,0,PASS,3499857,2276385,8.304
libhuffbench,variant_10,0.01,0,PASS,3499881,2276409,5.805
libhuffbench,variant_11,0.015,0,PASS,3493687,2276217,8.261
libhuffbench,variant_12,0.02,0,PASS,3487543,2270073,5.855
libhuffbench,variant_13,0.03,0,PASS,3487543,2270073,8.017
libhuffbench,variant_14,0.05,0,PASS,3486439,2268969,5.775
libhuffbench,variant_15,0.07,0,PASS,3486439,2268969,8.708
libhuffbench,variant_16,0.1,0,PASS,3486439,2268969,5.877
libhuffbench,variant_17,0.15,0,PASS,3486439,2268969,7.67
libhuffbench,variant_18,0.2,0,PASS,3486439,2268969,5.774
libhuffbench,variant_19,0.3,0,PASS,3486415,2268945,6.843
libhuffbench,variant_20,0.4,0,PASS,3486631,2269161,6.491
libhuffbench,variant_21,0.5,0,PASS,3486427,2268981,6.464
libhuffbench,variant_22,0.6,0,PASS,3486355,2268909,8.604
libhuffbench,variant_23,0.7,0,PASS,3486367,2268921,6.855
libhuffbench,variant_24,0.85,0,PASS,3486355,2268909,7.762
libhuffbench,variant_25,0.9,0,PASS,3486415,2268969,8.63
libhuffbench,variant_26,1,0,PASS,3486352,2268907,6.155
libnsichneu,variant_original,original,,PASS,4078217,2238742,9.253
libnsichneu,variant_gp,gp,,PASS,4078217,2238742,6.683
libnsichneu,variant_0,0,0,PASS,4408406,2285567,7.094
libnsichneu,variant_1,0.0001,0,PASS,4462640,2257221,9.328
libnsichneu,variant_2,0.0002,0,PASS,4462640,2257221,8.364
libnsichneu,variant_3,0.0005,0,PASS,4090538,2252295,9.502
libnsichneu,variant_4,0.001,0,PASS,4090538,2252295,8.958
libnsichneu,variant_5,0.0015,0,PASS,4090538,2252295,6.537
libnsichneu,variant_6,0.002,0,PASS,4090538,2252295,9.354
libnsichneu,variant_7,0.003,0,PASS,4090538,2252295,9.211
libnsichneu,variant_8,0.005,0,PASS,4090538,2252295,9.497
libnsichneu,variant_9,0.007,0,PASS,4090538,2252295,7.327
libnsichneu,variant_10,0.01,0,PASS,4090538,2252295,8.614
libnsichneu,variant_11,0.015,0,PASS,4090538,2252295,8.839
libnsichneu,variant_12,0.02,0,PASS,4090538,2252295,8.194
libnsichneu,variant_13,0.03,0,PASS,4090538,2252295,9.048
libnsichneu,variant_14,0.05,0,PASS,4090538,2252295,8.877
libnsichneu,variant_15,0.07,0,PASS,4090538,2252295,8.337
libnsichneu,variant_16,0.1,0,PASS,4090538,2252295,8.085
libnsichneu,variant_17,0.15,0,PASS,4090538,2252295,8.958
libnsichneu,variant_18,0.2,0,PASS,4090538,2252295,8.772
libnsichneu,variant_19,0.3,0,PASS,4090538,2252295,6.407
libnsichneu,variant_20,0.4,0,PASS,4090538,2252295,8.906
libnsichneu,variant_21,0.5,0,PASS,4090538,2252295,8.532
libnsichneu,variant_22,0.6,0,PASS,4090538,2252295,8.588
libnsichneu,variant_23,0.7,0,PASS,4090538,2252295,8.477
libnsichneu,variant_24,0.85,0,PASS,4090538,2252295,8.697
libnsichneu,variant_25,0.9,0,PASS,4090538,2252295,8.371
libnsichneu,variant_26,1,0,PASS,4078217,2238742,8.833
libslre,variant_original,original,,PASS,3595944,2429598,8.442
libslre,variant_gp,gp,,PASS,3595944,2429598,6.333
libslre,variant_0,0,0,PASS,4377615,3047535,11.234
libslre,variant_1,0.0001,0,PASS,4338985,3034881,10.713
libslre,variant_2,0.0002,0,PASS,4338985,3034881,10.459
libslre,variant_3,0.0005,0,PASS,3962247,2696555,7.166
libslre,variant_4,0.001,0,PASS,3820275,2653929,7.65
libslre,variant_5,0.0015,0,PASS,3668871,2502525,8.016
libslre,variant_6,0.002,0,PASS,3668871,2502525,6.654
libslre,variant_7,0.003,0,PASS,3668871,2502525,9.33
libslre,variant_8,0.005,0,PASS,3630909,2464563,7.042
libslre,variant_9,0.007,0,PASS,3610041,2443695,9.421
libslre,variant_10,0.01,0,PASS,3595944,2429598,8.692
libslre,variant_11,0.015,0,PASS,3595944,2429598,6.306
libslre,variant_12,0.02,0,PASS,3595944,2429598,6.225
libslre,variant_13,0.03,0,PASS,3595944,2429598,6.258
libslre,variant_14,0.05,0,PASS,3595944,2429598,9.37
libslre,variant_15,0.07,0,PASS,3595944,2429598,7.973
libslre,variant_16,0.1,0,PASS,3595944,2429598,8.63
libslre,variant_17,0.15,0,PASS,3595944,2429598,7.978
libslre,variant_18,0.2,0,PASS,3595944,2429598,9.337
libslre,variant_19,0.3,0,PASS,3595944,2429598,8.257
libslre,variant_20,0.4,0,PASS,3595944,2429598,6.657
libslre,variant_21,0.5,0,PASS,3595944,2429598,8.227
libslre,variant_22,0.6,0,PASS,3595944,2429598,8.835
libslre,variant_23,0.7,0,PASS,3595944,2429598,6.369
libslre,variant_24,0.85,0,PASS,3595944,2429598,7.816
libslre,variant_25,0.9,0,PASS,3595944,2429598,8.682
libslre,variant_26,1,0,PASS,3595944,2429598,8.409
libstatemate,variant_original,original,,PASS,2406560,1452965,3.892
libstatemate,variant_gp,gp,,PASS,2406560,1452965,5.421
libstatemate,variant_0,0,0,PASS,2414553,1506092,4.813
libstatemate,variant_1,0.0001,0,PASS,2453747,1458865,4.935
libstatemate,variant_2,0.0002,0,PASS,2453747,1458865,5.296
libstatemate,variant_3,0.0005,0,PASS,2453747,1458865,5.968
libstatemate,variant_4,0.001,0,PASS,2453747,1458865,5.166
libstatemate,variant_5,0.0015,0,PASS,2406587,1452992,5.448
libstatemate,variant_6,0.002,0,PASS,2406567,1452972,5.836
libstatemate,variant_7,0.003,0,PASS,2406567,1452972,5.611
libstatemate,variant_8,0.005,0,PASS,2406567,1452972,4.685
libstatemate,variant_9,0.007,0,PASS,2406567,1452972,5.688
libstatemate,variant_10,0.01,0,PASS,2406567,1452972,5.364
libstatemate,variant_11,0.015,0,PASS,2406567,1452972,4.314
libstatemate,variant_12,0.02,0,PASS,2406567,1452972,5.31
libstatemate,variant_13,0.03,0,PASS,2406567,1452972,5.798
libstatemate,variant_14,0.05,0,PASS,2406567,1452972,6.093
libstatemate,variant_15,0.07,0,PASS,2406567,1452972,5.826
libstatemate,variant_16,0.1,0,PASS,2406567,1452972,5.604
libstatemate,variant_17,0.15,0,PASS,2406567,1452972,5.771
libstatemate,variant_18,0.2,0,PASS,2406567,1452972,6.024
libstatemate,variant_19,0.3,0,PASS,2406567,1452972,5.444
libstatemate,variant_20,0.4,0,PASS,2406564,1452969,4.452
libstatemate,variant_21,0.5,0,PASS,2406560,1452965,4.334
libstatemate,variant_22,0.6,0,PASS,2406564,1452969,4.099
libstatemate,variant_23,0.7,0,PASS,2406560,1452965,4.022
libstatemate,variant_24,0.85,0,PASS,2406560,1452965,4.045
libstatemate,variant_25,0.9,0,PASS,2406560,1452965,4.65
libstatemate,variant_26,1,0,PASS,2406560,1452965,5.235
libud,variant_original,original,,PASS,2663048,818442,5.027
libud,variant_gp,gp,,PASS,2663048,818442,5.234
libud,variant_0,0,0,PASS,11335798,7862409,27.88
libud,variant_1,0.0001,0,PASS,3586563,2111498,8.421
libud,variant_2,0.0002,0,PASS,3586563,2111498,8.247
libud,variant_3,0.0005,0,PASS,2669583,826247,4.712
libud,variant_4,0.001,0,PASS,2669583,826247,4.91
libud,variant_5,0.0015,0,PASS,2670503,826887,5.283
libud,variant_6,0.002,0,PASS,2670503,826887,5.157
libud,variant_7,0.003,0,PASS,2670503,826887,5.131
libud,variant_8,0.005,0,PASS,2663499,818771,3.485
libud,variant_9,0.007,0,PASS,2663499,818772,3.435
libud,variant_10,0.01,0,PASS,2663499,818771,5.107
libud,variant_11,0.015,0,PASS,2663499,818771,5.05
libud,variant_12,0.02,0,PASS,2663499,818771,5.155
libud,variant_13,0.03,0,PASS,2663499,818771,3.391
libud,variant_14,0.05,0,PASS,2663499,818771,4.127
libud,variant_15,0.07,0,PASS,2663499,818771,5.205
libud,variant_16,0.1,0,PASS,2663499,818771,3.571
libud,variant_17,0.15,0,PASS,2663499,818772,5.057
libud,variant_18,0.2,0,PASS,2663499,818771,3.449
libud,variant_19,0.3,0,PASS,2663059,818451,4.752
libud,variant_20,0.4,0,PASS,2663059,818451,5.118
libud,variant_21,0.5,0,PASS,2663053,818445,4.619
libud,variant_22,0.6,0,PASS,2663053,818445,4.879
libud,variant_23,0.7,0,PASS,2663048,818442,3.952
libud,variant_24,0.85,0,PASS,2663048,818442,4.52
libud,variant_25,0.9,0,PASS,2663055,818449,4.936
libud,variant_26,1,0,PASS,2663048,818442,4.985
libwikisort,variant_original,original,,PASS,1228877,736553,2.495
libwikisort,variant_gp,gp,,PASS,1228877,736553,2.283
libwikisort,variant_0,0,0,PASS,9598938,7258730,22.222
libwikisort,variant_1,0.0001,0,PASS,6757562,4758308,17.197
libwikisort,variant_2,0.0002,0,PASS,6757562,4758308,16.429
libwikisort,variant_3,0.0005,0,PASS,6757562,4758308,16.164
libwikisort,variant_4,0.001,0,PASS,1564762,988708,3.419
libwikisort,variant_5,0.0015,0,PASS,1510878,986914,3.184
libwikisort,variant_6,0.002,0,PASS,1512174,987562,3.431
libwikisort,variant_7,0.003,0,PASS,1510878,986914,3.646
libwikisort,variant_8,0.005,0,PASS,1486752,962140,2.731
libwikisort,variant_9,0.007,0,PASS,1485456,961492,3.007
libwikisort,variant_10,0.01,0,PASS,1467856,948692,3.504
libwikisort,variant_11,0.015,0,PASS,1417928,898764,2.719
libwikisort,variant_12,0.02,0,PASS,1411500,897648,3.344
libwikisort,variant_13,0.03,0,PASS,1411500,897648,3.21
libwikisort,variant_14,0.05,0,PASS,1411500,897648,3.601
libwikisort,variant_15,0.07,0,PASS,1241100,748848,2.073
libwikisort,variant_16,0.1,0,PASS,1229336,736868,3.143
libwikisort,variant_17,0.15,0,PASS,1229336,736868,3.083
libwikisort,variant_18,0.2,0,PASS,1229336,736868,2.157
libwikisort,variant_19,0.3,0,PASS,1229336,736868,2.907
libwikisort,variant_20,0.4,0,PASS,1229066,736598,2.037
libwikisort,variant_21,0.5,0,PASS,1229066,736598,2.53
libwikisort,variant_22,0.6,0,PASS,1229021,736553,3.145
libwikisort,variant_23,0.7,0,PASS,1229022,736554,2.114
libwikisort,variant_24,0.85,0,PASS,1229021,736553,2.212
libwikisort,variant_25,0.9,0,PASS,1229021,736553,2.258
libwikisort,variant_26,1,0,PASS,1229021,736553,3.099
matmult-int,variant_original,original,,PASS,5467314,3003659,10.095
matmult-int,variant_gp,gp,,PASS,5467314,3003659,12.681
matmult-int,variant_0,0,0,PASS,77079343,54722975,140.832
matmult-int,variant_1,0.0001,0,PASS,5909721,3436466,10.797
matmult-int,variant_2,0.0002,0,PASS,5528121,3054866,10.93
matmult-int,variant_3,0.0005,0,PASS,5528121,3054866,12.134
matmult-int,variant_4,0.001,0,PASS,5528121,3054866,11.88
matmult-int,variant_5,0.0015,0,PASS,5528121,3054866,8.525
matmult-int,variant_6,0.002,0,PASS,5528121,3054866,10.338
matmult-int,variant_7,0.003,0,PASS,5528121,3054866,12.846
matmult-int,variant_8,0.005,0,PASS,5528121,3054866,8.656
matmult-int,variant_9,0.007,0,PASS,5528121,3054866,12.63
matmult-int,variant_10,0.01,0,PASS,5528121,3054866,11.535
matmult-int,variant_11,0.015,0,PASS,5528121,3054866,8.672
matmult-int,variant_12,0.02,0,PASS,5519321,3048466,8.698
matmult-int,variant_13,0.03,0,PASS,5519321,3048466,11.966
matmult-int,variant_14,0.05,0,PASS,5512121,3041266,12.764
matmult-int,variant_15,0.07,0,PASS,5508921,3038066,12.678
matmult-int,variant_16,0.1,0,PASS,5508921,3038066,12.863
matmult-int,variant_17,0.15,0,PASS,5508921,3038066,12.831
matmult-int,variant_18,0.2,0,PASS,5467321,3003666,11.742
matmult-int,variant_19,0.3,0,PASS,5467315,3003660,12.974
matmult-int,variant_20,0.4,0,PASS,5467314,3003659,12.453
matmult-int,variant_21,0.5,0,PASS,5467314,3003659,11.925
matmult-int,variant_22,0.6,0,PASS,5467315,3003660,11.194
matmult-int,variant_23,0.7,0,PASS,5467314,3003659,12.428
matmult-int,variant_24,0.85,0,PASS,5467321,3003666,10.945
matmult-int,variant_25,0.9,0,PASS,5467315,3003660,8.727
matmult-int,variant_26,1,0,PASS,5467314,3003659,12.169
md5,variant_original,original,,PASS,2316249,1816411,5.305
md5,variant_gp,gp,,PASS,2316249,1816411,4.265
md5,variant_0,0,0,PASS,3492877,3059796,9.219
md5,variant_1,0.0001,0,PASS,3570247,2979510,10.489
md5,variant_2,0.0002,0,PASS,3570247,2979510,9.65
md5,variant_3,0.0005,0,PASS,2661586,2070849,7.953
md5,variant_4,0.001,0,PASS,2463362,1949949,4.295
md5,variant_5,0.0015,0,PASS,2436528,1936637,4.515
md5,variant_6,0.002,0,PASS,2436528,1936637,7.082
md5,variant_7,0.003,0,PASS,2343084,1843193,6.456
md5,variant_8,0.005,0,PASS,2343396,1843505,5.633
md5,variant_9,0.007,0,PASS,2343136,1843245,6.234
md5,variant_10,0.01,0,PASS,2329772,1829881,4.25
md5,variant_11,0.015,0,PASS,2329772,1829881,5.352
md5,variant_12,0.02,0,PASS,2329826,1829935,4.581
md5,variant_13,0.03,0,PASS,2329772,1829881,5.242
md5,variant_14,0.05,0,PASS,2316462,1816571,6.474
md5,variant_15,0.07,0,PASS,2316460,1816569,5.465
md5,variant_16,0.1,0,PASS,2316460,1816569,5.859
md5,variant_17,0.15,0,PASS,2316252,1816413,5.886
md5,variant_18,0.2,0,PASS,2316252,1816413,4.586
md5,variant_19,0.3,0,PASS,2316256,1816417,4.213
md5,variant_20,0.4,0,PASS,2316256,1816417,6.383
md5,variant_21,0.5,0,PASS,2316252,1816413,4.703
md5,variant_22,0.6,0,PASS,2316252,1816413,6.775
md5,variant_23,0.7,0,PASS,2316252,1816413,5.374
md5,variant_24,0.85,0,PASS,2316252,1816413,5.627
md5,variant_25,0.9,0,PASS,2316252,1816413,6.371
md5,variant_26,1,0,PASS,2316249,1816411,4.02
mont64,variant_original,original,,PASS,5299027,4494192,15.394
mont64,variant_gp,gp,,PASS,5299027,4494192,11.058
mont64,variant_0,0,0,PASS,43190938,33754011,89.627
mont64,variant_1,0.0001,0,PASS,54684100,43563967,114.971
mont64,variant_2,0.0002,0,PASS,10500316,9385303,27.416
mont64,variant_3,0.0005,0,PASS,8383210,7371429,22.641
mont64,variant_4,0.001,0,PASS,6507534,5536415,15.917
mont64,variant_5,0.0015,0,PASS,6507534,5536415,16.573
mont64,variant_6,0.002,0,PASS,6507534,5536415,16.992
mont64,variant_7,0.003,0,PASS,6507534,5536415,17.525
mont64,variant_8,0.005,0,PASS,6480398,5509279,16.098
mont64,variant_9,0.007,0,PASS,6480398,5509279,15.664
mont64,variant_10,0.01,0,PASS,6480398,5509279,16.544
mont64,variant_11,0.015,0,PASS,5300296,4495461,13.241
mont64,variant_12,0.02,0,PASS,5300296,4495461,13.143
mont64,variant_13,0.03,0,PASS,5300296,4495461,12.904
mont64,variant_14,0.05,0,PASS,5299027,4494192,10.295
mont64,variant_15,0.07,0,PASS,5299027,4494192,13.944
mont64,variant_16,0.1,0,PASS,5299027,4494192,12.801
mont64,variant_17,0.15,0,PASS,5299027,4494192,13.112
mont64,variant_18,0.2,0,PASS,5299027,4494192,11.403
mont64,variant_19,0.3,0,PASS,5299027,4494192,13.522
mont64,variant_20,0.4,0,PASS,5299027,4494192,10.088
mont64,variant_21,0.5,0,PASS,5299027,4494192,10.05
mont64,variant_22,0.6,0,PASS,5299027,4494192,12.922
mont64,variant_23,0.7,0,PASS,5299027,4494192,10.161
mont64,variant_24,0.85,0,PASS,5299027,4494192,12.77
mont64,variant_25,0.9,0,PASS,5299027,4494192,10.751
mont64,variant_26,1,0,PASS,5299027,4494192,10.243
patricia_O3,variant_original,original,,PASS,6891978,4226094,14.087
patricia_O3,variant_gp,gp,,PASS,6891978,4226094,16.418
patricia_O3,variant_0,0,0,PASS,8543211,5279313,15.84
patricia_O3,variant_1,0.0001,0,PASS,8468131,5227598,13.476
patricia_O3,variant_2,0.0002,0,PASS,7952095,5118649,20.019
patricia_O3,variant_3,0.0005,0,PASS,7597083,4775352,16.748
patricia_O3,variant_4,0.001,0,PASS,7030707,4361463,14.746
patricia_O3,variant_5,0.0015,0,PASS,6919132,4249888,17.114
patricia_O3,variant_6,0.002,0,PASS,6919132,4249888,15.386
patricia_O3,variant_7,0.003,0,PASS,6919132,4249888,11.05
patricia_O3,variant_8,0.005,0,PASS,6896452,4227208,10.952
patricia_O3,variant_9,0.007,0,PASS,6896452,4227208,14.384
patricia_O3,variant_10,0.01,0,PASS,6896452,4227208,15.265
patricia_O3,variant_11,0.015,0,PASS,6896452,4227208,10.919
patricia_O3,variant_12,0.02,0,PASS,6892878,4226994,15.773
patricia_O3,variant_13,0.03,0,PASS,6892878,4226994,11.088
patricia_O3,variant_14,0.05,0,PASS,6892878,4226994,16.305
patricia_O3,variant_15,0.07,0,PASS,6892878,4226994,11.009
patricia_O3,variant_16,0.1,0,PASS,6891978,4226094,14.16
patricia_O3,variant_17,0.15,0,PASS,6891978,4226094,13.303
patricia_O3,variant_18,0.2,0,PASS,6891978,4226094,14.495
patricia_O3,variant_19,0.3,0,PASS,6891978,4226094,11.005
patricia_O3,variant_20,0.4,0,PASS,6891978,4226094,10.867
patricia_O3,variant_21,0.5,0,PASS,6891978,4226094,16.592
patricia_O3,variant_22,0.6,0,PASS,6891978,4226094,16.177
patricia_O3,variant_23,0.7,0,PASS,6891978,4226094,15.647
patricia_O3,variant_24,0.85,0,PASS,6891978,4226094,13.779
patricia_O3,variant_25,0.9,0,PASS,6891978,4226094,14.753
patricia_O3,variant_26,1,0,PASS,6891980,4226096,13.467
picojpeg_test,variant_original,original,,PASS,5887002,3887466,13.613
picojpeg_test,variant_gp,gp,,PASS,5887002,3887466,10.353
picojpeg_test,variant_0,0,0,PASS,24234060,17457624,50.512
picojpeg_test,variant_1,0.0001,0,PASS,7781750,5467828,16.17
picojpeg_test,variant_2,0.0002,0,PASS,7781750,5467828,16.739
picojpeg_test,variant_3,0.0005,0,PASS,7375491,5106446,17.2
picojpeg_test,variant_4,0.001,0,PASS,6191504,4049299,15.355
picojpeg_test,variant_5,0.0015,0,PASS,6135392,4004835,14.956
picojpeg_test,variant_6,0.002,0,PASS,6179072,4036867,14.015
picojpeg_test,variant_7,0.003,0,PASS,6134566,4023497,10.785
picojpeg_test,variant_8,0.005,0,PASS,6058966,4002721,14.813
picojpeg_test,variant_9,0.007,0,PASS,6088086,4020193,10.417
picojpeg_test,variant_10,0.01,0,PASS,5983142,3975897,13.2
picojpeg_test,variant_11,0.015,0,PASS,5952223,3901802,14.123
picojpeg_test,variant_12,0.02,0,PASS,5952223,3901802,13.316
picojpeg_test,variant_13,0.03,0,PASS,5888755,3889168,14.344
picojpeg_test,variant_14,0.05,0,PASS,5887193,3887606,13.89
picojpeg_test,variant_15,0.07,0,PASS,5887193,3887606,9.685
picojpeg_test,variant_16,0.1,0,PASS,5887193,3887606,13.584
picojpeg_test,variant_17,0.15,0,PASS,5887193,3887606,10.73
picojpeg_test,variant_18,0.2,0,PASS,5887193,3887606,13.504
picojpeg_test,variant_19,0.3,0,PASS,5887088,3887550,15.079
picojpeg_test,variant_20,0.4,0,PASS,5887088,3887550,12.612
picojpeg_test,variant_21,0.5,0,PASS,5887088,3887550,11.126
picojpeg_test,variant_22,0.6,0,PASS,5887018,3887480,13.731
picojpeg_test,variant_23,0.7,0,PASS,5887018,3887480,10.503
picojpeg_test,variant_24,0.85,0,PASS,5887018,3887480,10.08
picojpeg_test,variant_25,0.9,0,PASS,5887004,3887466,14.44
picojpeg_test,variant_26,1,0,PASS,5887002,3887466,12.261
primecount,variant_original,original,,PASS,6971484,4297075,12.565
primecount,variant_gp,gp,,PASS,6971484,4297075,13.727
primecount,variant_0,0,0,PASS,27024266,20110421,56.147
primecount,variant_1,0.0001,0,PASS,6971570,4610729,14.283
primecount,variant_2,0.0002,0,PASS,6971566,4297157,12.924
primecount,variant_3,0.0005,0,PASS,6971566,4297157,14.144
primecount,variant_4,0.001,0,PASS,6971566,4297157,13.935
primecount,variant_5,0.0015,0,PASS,6971566,4297157,10.711
primecount,variant_6,0.002,0,PASS,6971566,4297157,10.774
primecount,variant_7,0.003,0,PASS,6971566,4297157,10.769
primecount,variant_8,0.005,0,PASS,6971566,4297157,13.393
primecount,variant_9,0.007,0,PASS,6971566,4297157,13.511
primecount,variant_10,0.01,0,PASS,6971566,4297157,13.825
primecount,variant_11,0.015,0,PASS,6971566,4297157,14.286
primecount,variant_12,0.02,0,PASS,6971566,4297157,15.894
primecount,variant_13,0.03,0,PASS,6971566,4297157,14.716
primecount,variant_14,0.05,0,PASS,6971566,4297157,13.968
primecount,variant_15,0.07,0,PASS,6971566,4297157,15.784
primecount,variant_16,0.1,0,PASS,6971566,4297157,15.007
primecount,variant_17,0.15,0,PASS,6971566,4297157,13.778
primecount,variant_18,0.2,0,PASS,6971566,4297157,12.597
primecount,variant_19,0.3,0,PASS,6971484,4297075,10.948
primecount,variant_20,0.4,0,PASS,6971485,4297076,14.042
primecount,variant_21,0.5,0,PASS,6971485,4297076,13.562
primecount,variant_22,0.6,0,PASS,6971485,4297076,14.232
primecount,variant_23,0.7,0,PASS,6971485,4297076,13.834
primecount,variant_24,0.85,0,PASS,6971485,4297076,10.804
primecount,variant_25,0.9,0,PASS,6971485,4297076,13.43
primecount,variant_26,1,0,PASS,6971484,4297075,13.185
qsort_large_O3,variant_original,original,,PASS,27895996,16483788,54.016
qsort_large_O3,variant_gp,gp,,PASS,27895996,16483788,52.291
qsort_large_O3,variant_0,0,0,PASS,305801927,219879679,522.905
qsort_large_O3,variant_1,0.0001,0,PASS,38937328,25921721,78.288
qsort_large_O3,variant_2,0.0002,0,PASS,37346846,24648075,70.022
qsort_large_O3,variant_3,0.0005,0,PASS,37229626,24467418,70.545
qsort_large_O3,variant_4,0.001,0,PASS,35740542,22978334,67.856
qsort_large_O3,variant_5,0.0015,0,PASS,27895997,16483789,53.811
qsort_large_O3,variant_6,0.002,0,PASS,27895997,16483789,55.415
qsort_large_O3,variant_7,0.003,0,PASS,27895997,16483789,43.319
qsort_large_O3,variant_8,0.005,0,PASS,27895997,16483789,52.221
qsort_large_O3,variant_9,0.007,0,PASS,27895997,16483789,53.995
qsort_large_O3,variant_10,0.01,0,PASS,27895997,16483789,53.278
qsort_large_O3,variant_11,0.015,0,PASS,27895997,16483789,43.22
qsort_large_O3,variant_12,0.02,0,PASS,27895997,16483789,43.53
qsort_large_O3,variant_13,0.03,0,PASS,27895997,16483789,56.577
qsort_large_O3,variant_14,0.05,0,PASS,27895997,16483789,53.004
qsort_large_O3,variant_15,0.07,0,PASS,27895997,16483789,53.763
qsort_large_O3,variant_16,0.1,0,PASS,27895996,16483788,43.463
qsort_large_O3,variant_17,0.15,0,PASS,27895996,16483788,51.721
qsort_large_O3,variant_18,0.2,0,PASS,27895997,16483789,54.921
qsort_large_O3,variant_19,0.3,0,PASS,27895996,16483788,53.965
qsort_large_O3,variant_20,0.4,0,PASS,27895997,16483789,54.479
qsort_large_O3,variant_21,0.5,0,PASS,27895997,16483789,54.703
qsort_large_O3,variant_22,0.6,0,PASS,27895997,16483789,43.571
qsort_large_O3,variant_23,0.7,0,PASS,27895997,16483789,43.373
qsort_large_O3,variant_24,0.85,0,PASS,27895997,16483789,56.004
qsort_large_O3,variant_25,0.9,0,PASS,27895997,16483789,51.052
qsort_large_O3,variant_26,1,0,PASS,27895996,16483788,53.974
qsort_small_O3,variant_original,original,,PASS,585336,266197,1.299
qsort_small_O3,variant_gp,gp,,PASS,585336,266197,1.013
qsort_small_O3,variant_0,0,0,PASS,585339,266200,0.891
qsort_small_O3,variant_1,0.0001,0,PASS,585339,266200,0.899
qsort_small_O3,variant_2,0.0002,0,PASS,585336,266197,1.316
qsort_small_O3,variant_3,0.0005,0,PASS,585336,266197,1.227
qsort_small_O3,variant_4,0.001,0,PASS,585336,266197,0.838
qsort_small_O3,variant_5,0.0015,0,PASS,585336,266197,0.878
qsort_small_O3,variant_6,0.002,0,PASS,585336,266197,0.852
qsort_small_O3,variant_7,0.003,0,PASS,585336,266197,1.319
qsort_small_O3,variant_8,0.005,0,PASS,585336,266197,1.018
qsort_small_O3,variant_9,0.007,0,PASS,585336,266197,0.997
qsort_small_O3,variant_10,0.01,0,PASS,585336,266197,1.325
qsort_small_O3,variant_11,0.015,0,PASS,585336,266197,1.214
qsort_small_O3,variant_12,0.02,0,PASS,585336,266197,1.22
qsort_small_O3,variant_13,0.03,0,PASS,585336,266197,1.32
qsort_small_O3,variant_14,0.05,0,PASS,585336,266197,1.185
qsort_small_O3,variant_15,0.07,0,PASS,585336,266197,1.314
qsort_small_O3,variant_16,0.1,0,PASS,585336,266197,1.112
qsort_small_O3,variant_17,0.15,0,PASS,585336,266197,1.013
qsort_small_O3,variant_18,0.2,0,PASS,585336,266197,0.87
qsort_small_O3,variant_19,0.3,0,PASS,585336,266197,1.262
qsort_small_O3,variant_20,0.4,0,PASS,585336,266197,0.851
qsort_small_O3,variant_21,0.5,0,PASS,585336,266197,1.207
qsort_small_O3,variant_22,0.6,0,PASS,585336,266197,1.064
qsort_small_O3,variant_23,0.7,0,PASS,585336,266197,1.288
qsort_small_O3,variant_24,0.85,0,PASS,585336,266197,0.808
qsort_small_O3,variant_25,0.9,0,PASS,585336,266197,1.05
qsort_small_O3,variant_26,1,0,PASS,585336,266197,1.302
rijndael_Oz,variant_original,original,,PASS,901295187,684498234,1484.18
rijndael_Oz,variant_gp,gp,,PASS,901295187,684498234,1470.17
rijndael_Oz,variant_0,0,0,PASS,5340156074,4094841655,8178.23
rijndael_Oz,variant_1,0.0001,0,PASS,901538062,684682343,1492.84
rijndael_Oz,variant_2,0.0002,0,PASS,901537838,684682119,1483.52
rijndael_Oz,variant_3,0.0005,0,PASS,901420076,684642327,1460.27
rijndael_Oz,variant_4,0.001,0,PASS,901342396,684564892,1474.61
rijndael_Oz,variant_5,0.0015,0,PASS,901342172,684564668,1464.35
rijndael_Oz,variant_6,0.002,0,PASS,901342364,684564860,1465.98
rijndael_Oz,variant_7,0.003,0,PASS,901341962,684545369,1480.44
rijndael_Oz,variant_8,0.005,0,PASS,901341962,684545369,1487.2
rijndael_Oz,variant_9,0.007,0,PASS,901340652,684544059,1451.81
rijndael_Oz,variant_10,0.01,0,PASS,901302785,684506192,1496.02
rijndael_Oz,variant_11,0.015,0,PASS,901301667,684505074,1473.42
rijndael_Oz,variant_12,0.02,0,PASS,901301667,684505074,1463.93
rijndael_Oz,variant_13,0.03,0,PASS,901301667,684505074,1489.17
rijndael_Oz,variant_14,0.05,0,PASS,901302785,684506192,1477.03
rijndael_Oz,variant_15,0.07,0,PASS,901296593,684499736,1496.67
rijndael_Oz,variant_16,0.1,0,PASS,901296593,684499736,1484.49
rijndael_Oz,variant_17,0.15,0,PASS,901295811,684498954,1480.42
rijndael_Oz,variant_18,0.2,0,PASS,901295811,684498954,1454.71
rijndael_Oz,variant_19,0.3,0,PASS,901295811,684498954,1488.68
rijndael_Oz,variant_20,0.4,0,PASS,901295187,684498234,1492.64
rijndael_Oz,variant_21,0.5,0,PASS,901295187,684498234,1480.62
rijndael_Oz,variant_22,0.6,0,PASS,901295187,684498234,1447.15
rijndael_Oz,variant_23,0.7,0,PASS,901295187,684498234,1476.02
rijndael_Oz,variant_24,0.85,0,PASS,901295187,684498234,1489.85
rijndael_Oz,variant_25,0.9,0,PASS,901295187,684498234,1478.83
rijndael_Oz,variant_26,1,0,PASS,901295187,684498234,1460.99
sha_O3,variant_original,original,,PASS,16440387,13101233,35.516
sha_O3,variant_gp,gp,,PASS,16440387,13101233,33.799
sha_O3,variant_0,0,0,PASS,61448085,54361491,120.724
sha_O3,variant_1,0.0001,0,PASS,17449326,13910276,36.305
sha_O3,variant_2,0.0002,0,PASS,17449326,13910276,37.176
sha_O3,variant_3,0.0005,0,PASS,16464980,13120850,34.586
sha_O3,variant_4,0.001,0,PASS,16464980,13120850,36.786
sha_O3,variant_5,0.0015,0,PASS,16464980,13120850,28.605
sha_O3,variant_6,0.002,0,PASS,16445486,13106230,34.58
sha_O3,variant_7,0.003,0,PASS,16445486,13106230,28.526
sha_O3,variant_8,0.005,0,PASS,16445486,13106230,31.658
sha_O3,variant_9,0.007,0,PASS,16445486,13106230,35.12
sha_O3,variant_10,0.01,0,PASS,16445486,13106230,35.18
sha_O3,variant_11,0.015,0,PASS,16445486,13106230,34.108
sha_O3,variant_12,0.02,0,PASS,16440608,13101352,30.628
sha_O3,variant_13,0.03,0,PASS,16440608,13101352,28.033
sha_O3,variant_14,0.05,0,PASS,16440608,13101352,32.073
sha_O3,variant_15,0.07,0,PASS,16440608,13101352,36.585
sha_O3,variant_16,0.1,0,PASS,16440608,13101352,29.151
sha_O3,variant_17,0.15,0,PASS,16440608,13101352,33.422
sha_O3,variant_18,0.2,0,PASS,16440413,13101274,31.68
sha_O3,variant_19,0.3,0,PASS,16440413,13101274,33.703
sha_O3,variant_20,0.4,0,PASS,16440413,13101274,35.122
sha_O3,variant_21,0.5,0,PASS,16440387,13101233,33.574
sha_O3,variant_22,0.6,0,PASS,16440387,13101233,32.58
sha_O3,variant_23,0.7,0,PASS,16440387,13101233,31.618
sha_O3,variant_24,0.85,0,PASS,16440387,13101233,32.347
sha_O3,variant_25,0.9,0,PASS,16440387,13101233,35.556
sha_O3,variant_26,1,0,PASS,16440387,13101233,33.911
tarfind,variant_original,original,,PASS,1689642,910753,2.639
tarfind,variant_gp,gp,,PASS,1689642,910753,2.607
tarfind,variant_0,0,0,PASS,72811919,58543817,128.549
tarfind,variant_1,0.0001,0,PASS,6154927,4550427,13.674
tarfind,variant_2,0.0002,0,PASS,6154927,4550427,13.09
tarfind,variant_3,0.0005,0,PASS,5628315,4171655,10.083
tarfind,variant_4,0.001,0,PASS,5628315,4171655,10.852
tarfind,variant_5,0.0015,0,PASS,5628315,4171655,11.095
tarfind,variant_6,0.002,0,PASS,4845805,3498711,9.544
tarfind,variant_7,0.003,0,PASS,4845805,3498711,9.291
tarfind,variant_8,0.005,0,PASS,1694251,915362,2.641
tarfind,variant_9,0.007,0,PASS,1694251,915362,3.625
tarfind,variant_10,0.01,0,PASS,1694251,915362,2.375
tarfind,variant_11,0.015,0,PASS,1694251,915362,2.614
tarfind,variant_12,0.02,0,PASS,1694251,915362,3.052
tarfind,variant_13,0.03,0,PASS,1689643,910754,2.302
tarfind,variant_14,0.05,0,PASS,1689643,910754,2.834
tarfind,variant_15,0.07,0,PASS,1689643,910754,2.291
tarfind,variant_16,0.1,0,PASS,1689643,910754,4.168
tarfind,variant_17,0.15,0,PASS,1689643,910754,3.557
tarfind,variant_18,0.2,0,PASS,1689643,910754,2.541
tarfind,variant_19,0.3,0,PASS,1689643,910754,3.941
tarfind,variant_20,0.4,0,PASS,1689643,910754,3.035
tarfind,variant_21,0.5,0,PASS,1689642,910753,2.76
tarfind,variant_22,0.6,0,PASS,1689643,910754,2.651
tarfind,variant_23,0.7,0,PASS,1689643,910754,3.205
tarfind,variant_24,0.85,0,PASS,1689642,910753,2.727
tarfind,variant_25,0.9,0,PASS,1689643,910754,3.732
tarfind,variant_26,1,0,PASS,1689642,910753,3.684
